CREATE TABLE `yt_questionnaire_result` (
  `id` int(11) unsigned NOT NULL AUTO_INCREMENT,
  `pcode` varchar(16) NOT NULL DEFAULT '0',
  `org_id` int(11) NOT NULL DEFAULT '0',
  `questionnaire_id` int(11) NOT NULL DEFAULT '0',
  `result` json DEFAULT NULL,
  `created` datetime NOT NULL DEFAULT CURRENT_TIMESTAMP,
  `updated` datetime NOT NULL DEFAULT CURRENT_TIMESTAMP ON UPDATE CURRENT_TIMESTAMP,
  PRIMARY KEY (`id`),
  KEY `check_idx` (`pcode`)
) ENGINE=InnoDB AUTO_INCREMENT=36 DEFAULT CHARSET=utf8 COMMENT='问卷结果';

DROP TABLE IF EXISTS `yt_question`;

CREATE TABLE `yt_question` (
  `question_id` int(11) unsigned NOT NULL AUTO_INCREMENT,
  `title` varchar(512) NOT NULL DEFAULT '' COMMENT '问题',
  `type` tinyint(4) NOT NULL DEFAULT '0' COMMENT '0:单选1：多选3：下select',
  `deleted` tinyint(4) NOT NULL DEFAULT '0' COMMENT '0：正常1：删除',
  `created` datetime NOT NULL DEFAULT CURRENT_TIMESTAMP,
  `updated` datetime NOT NULL DEFAULT CURRENT_TIMESTAMP ON UPDATE CURRENT_TIMESTAMP,
  PRIMARY KEY (`question_id`)
) ENGINE=InnoDB DEFAULT CHARSET=utf8mb4 COMMENT='问卷题目';

LOCK TABLES `yt_question` WRITE;
/*!40000 ALTER TABLE `yt_question` DISABLE KEYS */;

INSERT INTO `yt_question` (`question_id`, `title`, `type`, `deleted`, `created`, `updated`)
VALUES
	(1,'文化程度',0,0,'2022-06-30 10:17:04','2022-07-08 13:45:39'),
	(2,'您参加体育运动吗？',0,0,'2022-06-30 10:17:04','2022-07-08 13:47:14'),
	(3,'您常采用的运动方式是（可多选）',1,0,'2022-06-30 10:17:04','2022-07-08 13:47:38'),
	(4,'您一周锻炼几次？',0,0,'2022-07-08 13:47:49','2022-07-13 16:34:14'),
	(5,'您每次锻炼多长时间？',0,0,'2022-07-08 13:47:57','2022-07-13 16:34:17'),
	(6,'您目前每天平均睡眠时间有多长？',0,0,'2022-07-08 13:48:07','2022-07-13 16:34:20'),
	(7,'最近一个月，您的睡眠如何？',0,0,'2022-07-08 13:48:33','2022-07-08 13:48:33'),
	(8,'您睡眠差的主要表现：（可多选）',1,0,'2022-07-08 13:48:58','2022-07-11 17:27:26'),
	(9,'影响您睡眠差的主要原因：（可多选）',1,0,'2022-07-08 13:49:13','2022-07-13 16:49:25'),
	(10,'您喝酒吗？（平均每周饮酒一次以上）',0,0,'2022-07-08 13:49:36','2022-07-13 16:34:40'),
	(11,'您一般喝什么酒？（可多选）',1,0,'2022-07-08 13:49:56','2022-07-13 16:32:57'),
	(12,'您每周喝几次酒？（含戒酒前）',0,0,'2022-07-08 13:50:21','2022-07-13 16:32:52'),
	(13,'您每次喝几两？（一两相当于 50ml白酒，100ml红酒，300ml啤酒）',0,0,'2022-07-08 13:50:24','2022-07-13 16:33:29'),
	(14,'您吸烟吗？（持续吸烟 1年以上）',0,0,'2022-07-08 13:50:39','2022-07-08 13:50:39'),
	(15,'您通常每天吸多少支烟？（含戒烟前）',0,0,'2022-07-08 13:51:13','2022-07-13 16:33:48'),
	(16,'您持续吸烟的年限：（含戒烟前）',0,0,'2022-07-08 13:52:53','2022-07-13 16:49:33'),
	(17,'您戒烟多少年？',0,0,'2022-07-09 13:34:14','2022-07-09 13:34:14'),
	(18,'您长期服用哪些药物？（可多选）',1,0,'2022-07-09 13:34:39','2022-07-09 13:35:35'),
	(19,'您是否患有高血压 ？',0,0,'2022-07-09 13:35:01','2022-07-11 14:40:08'),
	(20,'您确诊糖尿病已有多长时间',0,0,'2022-07-09 13:35:25','2022-07-09 13:35:25'),
	(21,'您目前主要通过哪些方式控制糖尿病？（多选）',1,0,'2022-07-09 13:35:58','2022-07-13 16:49:39'),
	(22,'您是否出现过以下糖尿病并发症？（多选）',1,0,'2022-07-09 16:02:09','2022-07-13 16:49:43'),
	(24,'您是否长期服用药物？（连续服用6个月以上，平均每日服用一次以上）',0,0,'2022-07-11 11:11:19','2022-07-13 16:56:46'),
	(25,'您是否患有糖尿病 ？',0,0,'2022-07-11 14:44:22','2022-07-11 14:45:20'),
	(26,'您是否患有冠心病 ？',0,0,'2022-07-11 14:44:25','2022-07-11 14:45:28'),
	(27,'您是否患有脑卒中？',0,0,'2022-07-11 14:44:42','2022-07-11 14:45:42'),
	(28,'您是否患有慢性肾病 ？',0,0,'2022-07-11 14:44:47','2022-07-11 14:45:58'),
	(29,'您是否患有慢性肝炎？',0,0,'2022-07-11 14:44:51','2022-07-11 14:47:07'),
	(30,'您是否患有高血脂症 ？',0,0,'2022-07-11 14:44:54','2022-07-13 16:57:44'),
	(31,'您是否患有甲状腺功能异常 ？',0,0,'2022-07-11 14:44:58','2022-07-11 14:47:36'),
	(32,'您是否患有肿瘤？',0,0,'2022-07-11 14:45:02','2022-07-11 14:47:54');

/*!40000 ALTER TABLE `yt_question` ENABLE KEYS */;
UNLOCK TABLES;


# テーブルのダンプ yt_question_answer
# ------------------------------------------------------------

DROP TABLE IF EXISTS `yt_question_answer`;

CREATE TABLE `yt_question_answer` (
  `answer_id` int(11) unsigned NOT NULL AUTO_INCREMENT,
  `question_id` int(11) NOT NULL DEFAULT '0' COMMENT '题id',
  `code` char(2) NOT NULL DEFAULT '' COMMENT '选项编号',
  `answer` varchar(256) NOT NULL DEFAULT '' COMMENT '选项',
  `exclusion` tinyint(4) NOT NULL DEFAULT '0' COMMENT '是否互斥0：否1：是',
  `deleted` tinyint(4) NOT NULL DEFAULT '0' COMMENT '0:正常1：删除',
  `created` datetime NOT NULL DEFAULT CURRENT_TIMESTAMP,
  `updated` datetime NOT NULL DEFAULT CURRENT_TIMESTAMP ON UPDATE CURRENT_TIMESTAMP,
  `type` tinyint(4) NOT NULL DEFAULT '0' COMMENT '0:选项1：范围',
  PRIMARY KEY (`answer_id`),
  KEY `qid` (`question_id`)
) ENGINE=InnoDB DEFAULT CHARSET=utf8 COMMENT='问卷答案';

LOCK TABLES `yt_question_answer` WRITE;
/*!40000 ALTER TABLE `yt_question_answer` DISABLE KEYS */;

INSERT INTO `yt_question_answer` (`answer_id`, `question_id`, `code`, `answer`, `exclusion`, `deleted`, `created`, `updated`, `type`)
VALUES
	(2,1,'①','小学及以下',0,0,'2022-06-30 15:56:55','2022-07-09 16:04:08',0),
	(3,1,'②','初中',0,0,'2022-06-30 15:56:55','2022-07-09 16:05:26',0),
	(4,1,'③','高中',0,0,'2022-06-30 15:56:55','2022-07-09 16:05:33',0),
	(5,1,'④','中专/技校',0,0,'2022-06-30 15:56:55','2022-07-09 16:05:44',0),
	(6,1,'⑤','大学本科/专科',0,0,'2022-06-30 15:56:55','2022-07-09 16:05:52',0),
	(7,1,'⑥','研究生及以上',0,0,'2022-06-30 15:56:55','2022-07-09 16:05:54',0),
	(8,2,'①','不参加',0,0,'2022-06-30 15:56:55','2022-07-09 16:06:36',0),
	(9,2,'②','偶尔参加',0,0,'2022-06-30 15:56:55','2022-07-09 16:07:54',0),
	(10,2,'③','经常参加（平均每周锻炼 3次及以上，每次锻炼＞30分钟）',0,0,'2022-06-30 15:56:55','2022-07-09 16:07:56',0),
	(11,3,'A','散步',0,0,'2022-06-30 15:56:55','2022-07-09 16:10:23',0),
	(12,3,'B','慢跑',0,0,'2022-07-09 16:08:14','2022-07-09 16:10:29',0),
	(13,3,'C','游泳',0,0,'2022-07-09 16:08:19','2022-07-09 16:10:34',0),
	(14,3,'D','骑自行车',0,0,'2022-07-09 16:08:22','2022-07-09 16:10:39',0),
	(15,3,'E','爬楼梯',0,0,'2022-07-09 16:08:25','2022-07-09 16:10:44',0),
	(16,3,'F','球类',0,0,'2022-07-09 16:08:29','2022-07-09 16:10:49',0),
	(17,3,'G','交谊舞',0,0,'2022-07-09 16:08:33','2022-07-09 16:10:53',0),
	(18,3,'H','瑜伽',0,0,'2022-07-09 16:08:40','2022-07-09 16:11:00',0),
	(19,3,'I','健身操',0,0,'2022-07-09 16:08:48','2022-07-09 16:11:05',0),
	(20,3,'J','力量锻炼',0,0,'2022-07-09 16:08:52','2022-07-09 16:11:09',0),
	(21,3,'K','登山',0,0,'2022-07-09 16:08:58','2022-07-09 16:11:14',0),
	(22,3,'L','太极拳',0,0,'2022-07-09 16:09:02','2022-07-09 16:11:18',0),
	(23,3,'M','其他',0,0,'2022-07-09 16:09:07','2022-07-09 16:11:24',0),
	(24,4,'A','1-2次',0,0,'2022-07-09 16:11:27','2022-07-09 16:34:42',0),
	(25,4,'B','3-5次',0,0,'2022-07-09 16:11:30','2022-07-09 16:34:53',0),
	(26,4,'C','＞5次',0,0,'2022-07-09 16:11:35','2022-07-09 16:35:03',0),
	(27,5,'A','＜30分钟',0,0,'2022-07-09 16:11:27','2022-07-09 16:36:01',0),
	(28,5,'A','30-60分钟',0,0,'2022-07-09 16:11:27','2022-07-09 16:36:10',0),
	(29,5,'A','＞60分钟',0,0,'2022-07-09 16:11:27','2022-07-09 16:36:20',0),
	(30,8,'①','入睡困难',0,0,'2022-07-09 16:40:41','2022-07-09 16:55:43',0),
	(31,8,'②','早醒',0,0,'2022-07-09 16:41:07','2022-07-09 16:55:44',0),
	(32,8,'③','多梦或噩梦中惊喜',0,0,'2022-07-09 16:41:20','2022-07-09 16:55:45',0),
	(33,8,'④','夜起',0,0,'2022-07-09 16:42:36','2022-07-09 16:55:46',0),
	(34,8,'⑤','熟睡时间短',0,0,'2022-07-09 16:42:47','2022-07-09 16:55:48',0),
	(35,8,'⑥','其他',0,0,'2022-07-09 16:42:52','2022-07-09 16:55:49',0),
	(36,6,'①','5小时以下',0,0,'2022-07-09 16:40:41','2022-07-09 16:53:30',0),
	(37,6,'②','5-7小时',0,0,'2022-07-09 16:41:07','2022-07-09 16:53:40',0),
	(38,6,'③','7-9小时',0,0,'2022-07-09 16:41:20','2022-07-09 16:53:48',0),
	(39,6,'④','9小时以上',0,0,'2022-07-09 16:53:56','2022-07-09 16:54:11',0),
	(40,7,'①','好',0,0,'2022-07-09 16:40:41','2022-07-09 16:55:27',0),
	(41,7,'②','一般',0,0,'2022-07-09 16:41:07','2022-07-09 16:55:29',0),
	(42,7,'③','差',0,0,'2022-07-09 16:41:20','2022-07-09 16:55:30',0),
	(43,9,'①','工作压力大',0,0,'2022-06-30 15:56:55','2022-07-09 17:00:05',0),
	(44,9,'②','负性生活事件',0,0,'2022-06-30 15:56:55','2022-07-13 15:59:06',0),
	(45,9,'③','环境干扰（噪音、鼾声等）',0,0,'2022-06-30 15:56:55','2022-07-09 17:00:08',0),
	(46,9,'④','身体不适或疾病',0,0,'2022-06-30 15:56:55','2022-07-09 17:00:09',0),
	(47,9,'⑤','气候变化',0,0,'2022-06-30 15:56:55','2022-07-09 17:00:11',0),
	(48,9,'⑥','药物',0,0,'2022-06-30 15:56:55','2022-07-09 17:00:12',0),
	(49,9,'⑦','倒班或者时差',0,0,'2022-07-09 16:58:01','2022-07-09 17:00:13',0),
	(50,9,'⑧','其他',0,0,'2022-07-09 16:58:18','2022-07-09 17:00:15',0),
	(52,10,'①','不喝',0,0,'2022-06-30 15:56:55','2022-07-09 17:01:29',0),
	(53,10,'②','喝',0,0,'2022-06-30 15:56:55','2022-07-09 17:01:48',0),
	(54,10,'③','现已戒酒（戒酒一年以上）',0,0,'2022-06-30 15:56:55','2022-07-09 17:01:49',0),
	(55,9,'①','工作压力大',0,0,'2022-06-30 15:56:55','2022-07-09 17:00:05',0),
	(56,9,'②','负性生活事件',0,0,'2022-06-30 15:56:55','2022-07-13 15:59:53',0),
	(57,9,'③','环境干扰（噪音、鼾声等）',0,0,'2022-06-30 15:56:55','2022-07-09 17:00:08',0),
	(58,9,'④','身体不适或疾病',0,0,'2022-06-30 15:56:55','2022-07-09 17:00:09',0),
	(59,11,'①','白酒',0,0,'2022-06-30 15:56:55','2022-07-11 10:49:51',0),
	(60,11,'②','啤酒',0,0,'2022-06-30 15:56:55','2022-07-11 10:49:58',0),
	(61,11,'③','红酒',0,0,'2022-06-30 15:56:55','2022-07-11 10:50:04',0),
	(62,11,'④','什么都喝',0,0,'2022-06-30 15:56:55','2022-07-11 10:50:06',0),
	(63,12,'①','1-2次',0,0,'2022-06-30 15:56:55','2022-07-11 10:59:00',0),
	(64,12,'②','3-5次',0,0,'2022-06-30 15:56:55','2022-07-11 10:59:11',0),
	(65,12,'③','＞5次',0,0,'2022-06-30 15:56:55','2022-07-11 10:59:08',0),
	(66,14,'①','不吸烟',0,0,'2022-06-30 15:56:55','2022-07-11 10:59:21',0),
	(67,14,'②','吸烟',0,0,'2022-06-30 15:56:55','2022-07-11 10:59:22',0),
	(68,14,'③','吸烟，已戒（戒烟1年以上）',0,0,'2022-06-30 15:56:55','2022-07-11 10:59:24',0),
	(69,14,'④','被动吸烟（每天累计15分钟以上，且每周1天以上）',0,0,'2022-06-30 15:56:55','2022-07-11 10:59:25',0),
	(70,13,'①','1-2两',0,0,'2022-06-30 15:56:55','2022-07-11 11:01:35',0),
	(71,13,'②','3-4两',0,0,'2022-06-30 15:56:55','2022-07-11 11:01:41',0),
	(72,13,'③','＞5两',0,0,'2022-07-09 16:41:20','2022-07-11 11:06:25',0),
	(73,15,'①','≤10支',0,0,'2022-06-30 15:56:55','2022-07-11 11:07:16',0),
	(74,15,'②','11-20支',0,0,'2022-06-30 15:56:55','2022-07-11 11:07:25',0),
	(75,15,'③','21-30支',0,0,'2022-06-30 15:56:55','2022-07-11 11:07:34',0),
	(76,15,'④','≥31 支',0,0,'2022-06-30 15:56:55','2022-07-11 11:07:41',0),
	(77,16,'①','0到1个月',0,0,'2022-06-30 15:56:55','2022-07-11 11:08:57',0),
	(78,16,'②',' 1个月到1年',0,0,'2022-06-30 15:56:55','2022-07-11 11:09:03',0),
	(79,16,'③','1年到5年',0,0,'2022-06-30 15:56:55','2022-07-11 11:09:09',0),
	(80,16,'④','5年到10年',0,0,'2022-06-30 15:56:55','2022-07-11 11:09:19',0),
	(81,16,'⑤','10年以上',0,0,'2022-06-30 15:56:55','2022-07-11 11:09:22',0),
	(82,17,'①','0到1个月',0,0,'2022-06-30 15:56:55','2022-07-11 11:10:35',0),
	(83,17,'②',' 1个月到1年',0,0,'2022-06-30 15:56:55','2022-07-11 11:10:37',0),
	(84,17,'③','1年到5年',0,0,'2022-07-09 16:41:20','2022-07-11 11:10:39',0),
	(85,17,'④','5年到10年',0,0,'2022-06-30 15:56:55','2022-07-11 11:10:42',0),
	(86,17,'⑤','10年以上',0,0,'2022-06-30 15:56:55','2022-07-11 11:10:44',0),
	(87,24,'①','是',0,0,'2022-06-30 15:56:55','2022-07-11 11:14:56',0),
	(88,24,'②','否',0,0,'2022-06-30 15:56:55','2022-07-11 11:15:00',0),
	(89,18,'①','降压药',0,0,'2022-06-30 15:56:55','2022-07-11 14:37:52',0),
	(90,18,'②','降糖药',0,0,'2022-06-30 15:56:55','2022-07-11 14:37:53',0),
	(91,18,'③','调脂药（降脂药）',0,0,'2022-07-09 16:41:20','2022-07-11 14:37:55',0),
	(92,18,'④','降尿酸药',0,0,'2022-07-09 16:53:56','2022-07-11 14:37:56',0),
	(93,18,'⑤','抗心律失常药',0,0,'2022-07-09 16:42:47','2022-07-11 14:37:58',0),
	(94,18,'⑥','缓解哮喘药 ',0,0,'2022-07-09 16:42:52','2022-07-11 14:37:59',0),
	(95,18,'⑦','解热镇痛药（如布洛芬等）',0,0,'2022-07-11 13:10:42','2022-07-11 14:38:00',0),
	(96,18,'⑧','强的松类药物',0,0,'2022-07-11 13:10:42','2022-07-11 14:38:01',0),
	(97,18,'⑨','利尿剂',0,0,'2022-07-11 13:11:04','2022-07-11 14:38:02',0),
	(98,18,'⑩','镇静剂或安眠药',0,0,'2022-07-11 13:11:09','2022-07-11 14:38:04',0),
	(99,18,'11','中草药',0,0,'2022-07-11 13:25:37','2022-07-11 14:38:05',0),
	(100,18,'12','避孕药',0,0,'2022-07-11 13:25:49','2022-07-11 14:38:06',0),
	(101,18,'13','抗抑郁药物',0,0,'2022-07-11 13:25:58','2022-07-11 14:38:08',0),
	(102,18,'13','其他',0,0,'2022-07-11 13:26:19','2022-07-11 14:38:10',0),
	(103,19,'①','是',0,0,'2022-06-30 15:56:55','2022-07-11 14:55:57',0),
	(104,19,'②','否',0,0,'2022-06-30 15:56:55','2022-07-11 14:55:58',0),
	(105,19,'③','不知道',0,0,'2022-07-09 16:41:20','2022-07-11 14:56:00',0),
	(106,25,'①','是',0,0,'2022-06-30 15:56:55','2022-07-11 14:56:04',0),
	(107,25,'②','否',0,0,'2022-06-30 15:56:55','2022-07-11 14:56:05',0),
	(108,25,'③','不知道',0,0,'2022-07-09 16:41:20','2022-07-11 14:56:07',0),
	(109,26,'①','是',0,0,'2022-06-30 15:56:55','2022-07-11 14:56:37',0),
	(110,26,'②','否',0,0,'2022-06-30 15:56:55','2022-07-11 14:56:39',0),
	(111,26,'③','不知道',0,0,'2022-07-09 16:41:20','2022-07-11 14:56:41',0),
	(112,27,'①','是',0,0,'2022-06-30 15:56:55','2022-07-11 14:57:37',0),
	(113,27,'②','否',0,0,'2022-06-30 15:56:55','2022-07-11 14:57:39',0),
	(114,27,'③','不知道',0,0,'2022-07-09 16:41:20','2022-07-11 14:57:40',0),
	(115,28,'①','是',0,0,'2022-06-30 15:56:55','2022-07-11 14:58:43',0),
	(116,28,'②','否',0,0,'2022-06-30 15:56:55','2022-07-11 14:58:45',0),
	(117,28,'③','不知道',0,0,'2022-07-09 16:41:20','2022-07-11 14:58:48',0),
	(118,29,'①','是',0,0,'2022-06-30 15:56:55','2022-07-11 14:59:02',0),
	(119,29,'②','否',0,0,'2022-06-30 15:56:55','2022-07-11 14:59:13',0),
	(120,29,'③','不知道',0,0,'2022-07-09 16:41:20','2022-07-11 14:59:15',0),
	(121,30,'①','是',0,0,'2022-06-30 15:56:55','2022-07-11 15:01:03',0),
	(122,30,'②','否',0,0,'2022-06-30 15:56:55','2022-07-11 15:01:04',0),
	(123,30,'③','不知道',0,0,'2022-07-09 16:41:20','2022-07-11 15:01:07',0),
	(124,31,'①','是',0,0,'2022-06-30 15:56:55','2022-07-11 15:01:24',0),
	(125,31,'②','否',0,0,'2022-06-30 15:56:55','2022-07-11 15:01:25',0),
	(126,31,'③','不知道',0,0,'2022-07-09 16:41:20','2022-07-11 15:01:26',0),
	(127,32,'①','是',0,0,'2022-06-30 15:56:55','2022-07-11 15:02:02',0),
	(128,32,'②','否',0,0,'2022-06-30 15:56:55','2022-07-11 15:02:03',0),
	(129,32,'③','不知道',0,0,'2022-07-09 16:41:20','2022-07-11 15:02:04',0),
	(130,20,'①','≤5年',0,0,'2022-06-30 15:56:55','2022-07-11 15:04:55',0),
	(131,20,'②',' 5-10年',0,0,'2022-06-30 15:56:55','2022-07-11 15:05:06',0),
	(132,20,'③','大于10年',0,0,'2022-07-09 16:41:20','2022-07-11 15:05:10',0),
	(133,21,'①','运动控制',0,0,'2022-06-30 15:56:55','2022-07-11 15:06:32',0),
	(134,21,'②','饮食控制',0,0,'2022-06-30 15:56:55','2022-07-11 15:06:36',0),
	(135,21,'③','口服药物控制',0,0,'2022-07-09 16:41:20','2022-07-11 15:06:42',0),
	(136,21,'④','胰岛素注射',0,0,'2022-07-09 16:53:56','2022-07-11 15:06:55',0),
	(137,22,'①','糖尿病酮症酸中毒',0,0,'2022-06-30 15:56:55','2022-07-11 15:07:53',0),
	(138,22,'②','高渗性昏迷',0,0,'2022-06-30 15:56:55','2022-07-11 15:07:58',0),
	(139,22,'③','低血糖发作',0,0,'2022-07-09 16:41:20','2022-07-11 15:08:03',0),
	(140,22,'④','糖尿病视网膜病',0,0,'2022-07-09 16:53:56','2022-07-11 15:08:18',0),
	(141,22,'⑤','糖尿病血管并发症',0,0,'2022-07-09 16:42:47','2022-07-11 15:08:24',0),
	(142,22,'⑥','糖尿病神经病变',0,0,'2022-07-09 16:42:52','2022-07-11 15:08:29',0),
	(143,22,'⑦','糖尿病足',0,0,'2022-07-11 13:10:42','2022-07-11 15:08:35',0);

/*!40000 ALTER TABLE `yt_question_answer` ENABLE KEYS */;
UNLOCK TABLES;

DROP TABLE IF EXISTS `yt_questionnaire`;

CREATE TABLE `yt_questionnaire` (
  `questionnaire_id` int(11) unsigned NOT NULL AUTO_INCREMENT,
  `title` varchar(64) NOT NULL COMMENT '标题',
  `desc` varchar(64) NOT NULL DEFAULT '' COMMENT '描述',
  `author` int(11) NOT NULL DEFAULT '0' COMMENT '创建人',
  `deleted` tinyint(4) NOT NULL DEFAULT '0' COMMENT '0=正常1=删除',
  `created` datetime NOT NULL DEFAULT CURRENT_TIMESTAMP,
  `updated` datetime NOT NULL DEFAULT CURRENT_TIMESTAMP ON UPDATE CURRENT_TIMESTAMP,
  PRIMARY KEY (`questionnaire_id`)
) ENGINE=InnoDB DEFAULT CHARSET=utf8mb4 COMMENT='问卷表';

LOCK TABLES `yt_questionnaire` WRITE;
/*!40000 ALTER TABLE `yt_questionnaire` DISABLE KEYS */;

INSERT INTO `yt_questionnaire` (`questionnaire_id`, `title`, `desc`, `author`, `deleted`, `created`, `updated`)
VALUES
	(1,'问卷标题','问卷描述',0,0,'2022-06-30 15:54:14','2022-06-30 15:54:22');

/*!40000 ALTER TABLE `yt_questionnaire` ENABLE KEYS */;
UNLOCK TABLES;


# テーブルのダンプ yt_questionnaire_relation
# ------------------------------------------------------------

DROP TABLE IF EXISTS `yt_questionnaire_relation`;

CREATE TABLE `yt_questionnaire_relation` (
  `id` int(11) unsigned NOT NULL AUTO_INCREMENT,
  `question_id` int(11) NOT NULL DEFAULT '0' COMMENT '问卷id',
  `questionnaire_id` int(11) NOT NULL DEFAULT '0' COMMENT '题目id',
  `deleted` tinyint(4) NOT NULL DEFAULT '0' COMMENT '0：正常1：删除',
  `created` datetime NOT NULL DEFAULT CURRENT_TIMESTAMP,
  `updated` datetime NOT NULL DEFAULT CURRENT_TIMESTAMP ON UPDATE CURRENT_TIMESTAMP,
  `question_number` int(11) NOT NULL DEFAULT '0',
  PRIMARY KEY (`id`)
) ENGINE=InnoDB DEFAULT CHARSET=utf8mb4 COMMENT='问卷题目关联表';

LOCK TABLES `yt_questionnaire_relation` WRITE;
/*!40000 ALTER TABLE `yt_questionnaire_relation` DISABLE KEYS */;

INSERT INTO `yt_questionnaire_relation` (`id`, `question_id`, `questionnaire_id`, `deleted`, `created`, `updated`, `question_number`)
VALUES
	(1,1,1,0,'2022-06-30 15:58:59','2022-07-08 13:40:08',1),
	(2,2,1,0,'2022-06-30 15:58:59','2022-07-08 13:40:12',2),
	(3,3,1,0,'2022-06-30 15:58:59','2022-07-08 13:40:13',3),
	(4,4,1,0,'2022-07-09 17:12:08','2022-07-09 17:22:15',4),
	(5,5,1,0,'2022-07-09 17:12:11','2022-07-09 17:22:16',5),
	(6,6,1,0,'2022-07-09 17:12:18','2022-07-09 17:46:23',6),
	(7,7,1,0,'2022-07-09 17:12:22','2022-07-09 17:46:24',7),
	(8,8,1,0,'2022-07-09 17:12:25','2022-07-09 17:46:26',8),
	(9,9,1,0,'2022-07-09 17:12:30','2022-07-09 17:46:28',9),
	(10,10,1,0,'2022-07-09 17:12:30','2022-07-09 17:54:56',10),
	(11,11,1,0,'2022-07-11 15:21:05','2022-07-11 15:38:46',11),
	(12,12,1,0,'2022-07-11 15:21:21','2022-07-11 15:38:46',12),
	(13,13,1,0,'2022-07-11 15:21:53','2022-07-11 15:38:46',13),
	(14,14,1,0,'2022-07-11 15:22:15','2022-07-11 15:38:46',14),
	(15,15,1,0,'2022-07-11 15:22:26','2022-07-11 15:38:46',15),
	(16,16,1,0,'2022-07-11 15:22:49','2022-07-11 15:38:46',16),
	(17,17,1,0,'2022-07-11 15:23:36','2022-07-11 15:38:46',17),
	(18,18,1,0,'2022-07-11 15:23:45','2022-07-11 15:38:46',19),
	(19,19,1,0,'2022-07-11 15:24:09','2022-07-11 15:38:46',20),
	(20,20,1,0,'2022-07-11 15:24:33','2022-07-11 15:38:46',22),
	(21,21,1,0,'2022-07-11 15:24:40','2022-07-11 15:38:46',23),
	(22,22,1,0,'2022-07-11 15:24:47','2022-07-11 15:38:46',24),
	(24,24,1,0,'2022-07-11 15:28:05','2022-07-11 15:38:46',18),
	(25,25,1,0,'2022-07-11 15:30:09','2022-07-11 15:38:46',21),
	(26,26,1,0,'2022-07-11 15:30:20','2022-07-11 15:38:46',25),
	(27,27,1,0,'2022-07-11 15:30:23','2022-07-11 15:38:46',26),
	(28,28,1,0,'2022-07-11 15:30:27','2022-07-11 15:38:46',27),
	(29,29,1,0,'2022-07-11 15:30:32','2022-07-11 15:38:46',28),
	(30,30,1,0,'2022-07-11 15:30:38','2022-07-11 15:38:46',29),
	(31,31,1,0,'2022-07-11 15:30:48','2022-07-11 15:38:46',30),
	(32,32,1,0,'2022-07-11 15:30:51','2022-07-11 15:38:46',31);

/*!40000 ALTER TABLE `yt_questionnaire_relation` ENABLE KEYS */;
UNLOCK TABLES;


DROP TABLE IF EXISTS `yt_question_condition`;

CREATE TABLE `yt_question_condition` (
  `id` int(11) unsigned NOT NULL AUTO_INCREMENT,
  `answer_id_str` varchar(32) NOT NULL DEFAULT '0' COMMENT '答案id',
  `question_id` int(11) DEFAULT NULL,
  `questionnaire_id` int(11) NOT NULL DEFAULT '0' COMMENT '问卷id',
  `deleted` tinyint(4) NOT NULL DEFAULT '0' COMMENT '0:正常1：删除',
  `created` timestamp NOT NULL DEFAULT CURRENT_TIMESTAMP,
  `updated` datetime NOT NULL DEFAULT CURRENT_TIMESTAMP ON UPDATE CURRENT_TIMESTAMP,
  PRIMARY KEY (`id`)
) ENGINE=InnoDB DEFAULT CHARSET=utf8mb4 COMMENT='问卷题目规则';

LOCK TABLES `yt_question_condition` WRITE;
/*!40000 ALTER TABLE `yt_question_condition` DISABLE KEYS */;

INSERT INTO `yt_question_condition` (`id`, `answer_id_str`, `question_id`, `questionnaire_id`, `deleted`, `created`, `updated`)
VALUES
	(2,'9',3,1,0,'2022-06-30 16:46:55','2022-07-14 14:19:39'),
	(3,'10',3,1,0,'2022-06-30 17:18:24','2022-07-14 14:19:45'),
	(4,'9_10',3,1,0,'2022-07-09 17:48:20','2022-07-14 14:19:51'),
	(5,'8',6,1,0,'2022-07-09 17:49:43','2022-07-14 14:19:58'),
	(6,'53',11,1,0,'2022-07-11 10:50:29','2022-07-14 14:20:04'),
	(7,'54',11,1,0,'2022-07-11 10:50:29','2022-07-14 14:22:11'),
	(8,'53_54',11,1,0,'2022-07-11 10:50:29','2022-07-14 14:22:18'),
	(9,'67',15,1,0,'2022-07-11 11:03:10','2022-07-14 14:22:22'),
	(10,'68',17,1,0,'2022-07-11 11:04:00','2022-07-14 14:22:26'),
	(11,'52',14,1,0,'2022-07-11 11:13:15','2022-07-14 14:22:31'),
	(12,'66',24,1,0,'2022-07-11 11:13:43','2022-07-14 14:22:36'),
	(67,'87',18,1,0,'2022-07-11 13:08:50','2022-07-14 14:22:42'),
	(68,'88',19,1,0,'2022-07-11 14:39:24','2022-07-14 14:22:46'),
	(69,'106',20,1,0,'2022-07-11 15:37:01','2022-07-14 14:22:57'),
	(70,'107',26,1,0,'2022-07-11 15:37:18','2022-07-14 14:23:00'),
	(71,'108',26,1,0,'2022-07-11 15:37:18','2022-07-14 14:23:05'),
	(72,'109',26,1,1,'2022-07-11 15:37:18','2022-07-14 14:23:11'),
	(73,'42',8,1,0,'2022-07-11 21:05:54','2022-07-14 14:23:16'),
	(74,'40',10,1,0,'2022-07-11 21:05:59','2022-07-14 14:23:20'),
	(75,'41',10,1,0,'2022-07-11 21:06:44','2022-07-14 14:23:25'),
	(76,'40_41',10,1,0,'2022-07-11 21:06:56','2022-07-14 14:23:29');

/*!40000 ALTER TABLE `yt_question_condition` ENABLE KEYS */;
UNLOCK TABLES;